Product_ID,Category,Subcategory,Brand,Base_Cost,Listing_Price,Competitor_Price,Units_Sold,Store_Region,Date
1,Beverages,Coffee,FreshCo,3.45,4.6,4.89,22,North,2024-02-14
2,Snacks,Chips,NaturePure,2.18,2.76,2.55,19,East,2024-05-21
3,Dairy,Yogurt,UrbanFoods,4.92,6.43,6.12,17,West,2024-07-09
4,Bakery,Cakes,GoodBite,6.44,8.34,9.01,13,South,2024-03-12
5,Frozen,Meals,DailyDelight,5.27,7.03,6.44,21,North,2024-04-30
6,Produce,Fruits,NaturePure,1.94,2.52,2.44,27,East,2024-01-23
7,Beverages,Soda,GoodBite,2.85,3.59,3.77,25,South,2024-08-19
8,Snacks,Bars,FreshCo,1.77,2.26,2.42,30,West,2024-09-25
9,Dairy,Milk,UrbanFoods,3.08,4.18,4.35,16,North,2024-11-02
10,Bakery,Muffins,DailyDelight,2.93,3.47,3.81,18,South,2024-06-14
11,Frozen,Pizza,GoodBite,4.66,5.75,5.41,26,East,2024-10-28
12,Produce,Vegetables,FreshCo,1.56,2.14,2.01,33,West,2024-03-07
13,Beverages,Juice,UrbanFoods,2.49,3.14,3.35,28,North,2024-01-17
14,Snacks,Nuts,DailyDelight,3.01,3.87,4.11,21,East,2024-07-30
15,Dairy,Cheese,NaturePure,5.32,6.92,6.4,14,South,2024-04-11
16,Bakery,Pastry,GoodBite,2.74,3.66,3.52,20,West,2024-09-09
17,Frozen,Veggies,FreshCo,1.98,2.53,2.71,32,North,2024-02-24
18,Produce,Herbs,UrbanFoods,1.22,1.68,1.73,23,South,2024-08-06
19,Beverages,Tea,DailyDelight,3.07,3.84,4.06,19,East,2024-12-14
20,Snacks,Cookies,GoodBite,2.59,3.41,3.09,26,West,2024-06-22
21,Dairy,Butter,FreshCo,4.12,5.64,5.85,12,North,2024-02-16
22,Bakery,Bread,UrbanFoods,1.89,2.46,2.35,29,South,2024-05-19
23,Frozen,Ice Cream,NaturePure,3.48,4.79,4.32,24,East,2024-10-11
24,Produce,Salads,GoodBite,2.27,2.94,3.16,31,West,2024-07-04
25,Beverages,Coffee,DailyDelight,3.86,4.98,5.44,22,North,2024-03-20
26,Snacks,Chips,FreshCo,2.01,2.69,2.48,27,South,2024-12-01
27,Dairy,Yogurt,NaturePure,4.34,5.87,5.47,18,East,2024-08-13
28,Bakery,Cakes,UrbanFoods,5.92,7.65,7.14,16,West,2024-01-08
29,Frozen,Meals,GoodBite,4.88,6.42,6.91,23,North,2024-09-14
30,Produce,Fruits,DailyDelight,2.03,2.61,2.82,35,South,2024-06-27
31,Beverages,Soda,NaturePure,2.64,3.23,3.12,28,East,2024-11-19
32,Snacks,Bars,GoodBite,1.92,2.53,2.32,21,West,2024-05-09
33,Dairy,Milk,FreshCo,2.78,3.85,4.07,15,North,2024-04-02
34,Bakery,Muffins,NaturePure,3.26,4.41,4.61,17,South,2024-07-16
35,Frozen,Pizza,UrbanFoods,4.33,5.45,5.72,26,East,2024-02-10
36,Produce,Vegetables,DailyDelight,1.44,1.97,2.14,34,West,2024-10-06
37,Beverages,Juice,GoodBite,2.32,2.98,3.19,29,North,2024-01-29
38,Snacks,Nuts,FreshCo,2.87,3.54,3.71,20,South,2024-05-02
39,Dairy,Cheese,UrbanFoods,5.41,7.11,7.32,14,East,2024-03-28
40,Bakery,Pastry,DailyDelight,2.67,3.23,3.08,19,West,2024-09-20
41,Frozen,Veggies,NaturePure,1.83,2.4,2.29,31,North,2024-08-11
42,Produce,Herbs,GoodBite,1.15,1.54,1.62,25,South,2024-06-05
43,Beverages,Tea,FreshCo,3.12,3.98,3.77,18,East,2024-02-28
44,Snacks,Cookies,UrbanFoods,2.52,3.12,3.45,26,West,2024-11-09
45,Dairy,Butter,DailyDelight,4.41,5.78,6.01,13,North,2024-04-22
46,Bakery,Bread,GoodBite,1.78,2.24,2.42,28,South,2024-12-19
47,Frozen,Ice Cream,FreshCo,3.62,4.81,4.56,23,East,2024-05-27
48,Produce,Salads,NaturePure,2.19,2.86,3.05,30,West,2024-03-04
49,Beverages,Coffee,UrbanFoods,3.54,4.68,4.99,24,North,2024-10-13
50,Snacks,Chips,DailyDelight,1.94,2.57,2.64,29,South,2024-07-22
51,Dairy,Yogurt,GoodBite,4.82,6.33,6.11,17,East,2024-01-25
52,Bakery,Cakes,FreshCo,6.27,8.14,8.49,12,West,2024-04-16
53,Frozen,Meals,NaturePure,5.09,6.79,7.03,20,North,2024-09-05
54,Produce,Fruits,UrbanFoods,1.98,2.52,2.37,33,South,2024-06-10
55,Beverages,Soda,DailyDelight,2.75,3.39,3.28,27,East,2024-10-22
56,Snacks,Bars,GoodBite,1.85,2.44,2.23,21,West,2024-03-18
57,Dairy,Milk,NaturePure,2.66,3.55,3.77,16,North,2024-08-03
58,Bakery,Muffins,UrbanFoods,3.14,4.12,3.98,18,South,2024-05-14
59,Frozen,Pizza,DailyDelight,4.21,5.52,5.1,25,East,2024-11-27
60,Produce,Vegetables,FreshCo,1.52,2.05,2.19,34,West,2024-02-06
61,Beverages,Juice,NaturePure,2.41,3.08,3.18,28,North,2024-01-31
62,Snacks,Nuts,UrbanFoods,2.95,3.86,3.44,22,South,2024-06-29
63,Dairy,Cheese,DailyDelight,5.28,6.82,7.05,15,East,2024-04-09
64,Bakery,Pastry,FreshCo,2.82,3.71,3.62,19,West,2024-12-08
65,Frozen,Veggies,GoodBite,1.79,2.32,2.15,32,North,2024-07-12
66,Produce,Herbs,NaturePure,1.11,1.49,1.58,24,South,2024-03-22
67,Beverages,Tea,UrbanFoods,3.22,4.06,3.88,18,East,2024-09-02
68,Snacks,Cookies,DailyDelight,2.68,3.31,3.27,26,West,2024-05-05
69,Dairy,Butter,GoodBite,4.07,5.43,5.66,12,North,2024-11-18
70,Bakery,Bread,FreshCo,1.85,2.31,2.49,29,South,2024-02-12
71,Frozen,Ice Cream,UrbanFoods,3.71,4.93,5.14,23,East,2024-10-15
72,Produce,Salads,DailyDelight,2.21,2.89,2.73,30,West,2024-04-27
73,Beverages,Coffee,GoodBite,3.66,4.87,5.1,23,North,2024-06-17
74,Snacks,Chips,FreshCo,2.04,2.75,2.85,26,South,2024-09-28
75,Dairy,Yogurt,NaturePure,4.62,6.27,6.02,17,East,2024-12-05
76,Bakery,Cakes,UrbanFoods,6.11,7.97,7.66,14,West,2024-03-02
77,Frozen,Meals,DailyDelight,5.17,6.84,6.45,22,North,2024-08-22
78,Produce,Fruits,GoodBite,2.09,2.73,2.55,35,South,2024-01-13
79,Beverages,Soda,FreshCo,2.72,3.38,3.22,28,East,2024-05-31
80,Snacks,Bars,NaturePure,1.95,2.59,2.48,20,West,2024-11-23
81,Dairy,Milk,UrbanFoods,2.71,3.69,3.57,15,North,2024-07-08
82,Bakery,Muffins,DailyDelight,3.21,4.29,4.52,18,South,2024-02-20
83,Frozen,Pizza,GoodBite,4.3,5.46,5.34,25,East,2024-09-27
84,Produce,Vegetables,FreshCo,1.48,2.01,1.92,34,West,2024-06-03
85,Beverages,Juice,NaturePure,2.38,3.06,3.12,27,North,2024-11-11
86,Snacks,Nuts,UrbanFoods,2.92,3.77,3.66,21,South,2024-04-15
87,Dairy,Cheese,DailyDelight,5.34,6.95,7.23,16,East,2024-01-05
88,Bakery,Pastry,GoodBite,2.79,3.63,3.54,18,West,2024-08-26
89,Frozen,Veggies,FreshCo,1.74,2.29,2.18,31,North,2024-10-30
90,Produce,Herbs,NaturePure,1.14,1.58,1.63,25,South,2024-03-17
91,Beverages,Tea,UrbanFoods,3.18,4.1,4.34,19,East,2024-06-08
92,Snacks,Cookies,DailyDelight,2.56,3.28,3.01,26,West,2024-12-28
93,Dairy,Butter,GoodBite,4.21,5.57,5.83,13,North,2024-02-22
94,Bakery,Bread,FreshCo,1.81,2.28,2.41,28,South,2024-09-14
95,Frozen,Ice Cream,NaturePure,3.67,4.89,5.06,24,East,2024-05-13
96,Produce,Salads,UrbanFoods,2.25,2.93,2.82,31,West,2024-07-25
97,Beverages,Coffee,DailyDelight,3.72,4.9,4.71,23,North,2024-10-04
98,Snacks,Chips,GoodBite,2.11,2.78,2.9,27,South,2024-01-20
99,Dairy,Yogurt,FreshCo,4.55,6.05,6.42,17,East,2024-08-09
100,Bakery,Cakes,NaturePure,6.22,8.01,7.77,16,West,2024-11-29
101,Frozen,Meals,UrbanFoods,5.12,6.77,6.41,22,North,2024-05-07
102,Produce,Fruits,DailyDelight,1.97,2.54,2.33,34,South,2024-12-03
103,Beverages,Soda,GoodBite,2.78,3.46,3.6,28,East,2024-03-30
104,Snacks,Bars,FreshCo,1.88,2.47,2.39,22,West,2024-04-18
105,Dairy,Milk,NaturePure,2.72,3.74,3.99,15,North,2024-09-03
106,Bakery,Muffins,UrbanFoods,3.24,4.19,4.34,18,South,2024-06-16
107,Frozen,Pizza,DailyDelight,4.27,5.48,5.32,25,East,2024-10-21
108,Produce,Vegetables,GoodBite,1.55,2.06,1.95,33,West,2024-02-15
109,Beverages,Juice,FreshCo,2.33,2.95,2.88,28,North,2024-08-31
110,Snacks,Nuts,NaturePure,2.89,3.68,3.49,21,South,2024-07-11
111,Dairy,Cheese,UrbanFoods,5.37,6.9,7.19,14,East,2024-05-24
112,Bakery,Pastry,DailyDelight,2.75,3.54,3.43,19,West,2024-11-04
113,Frozen,Veggies,GoodBite,1.82,2.42,2.19,30,North,2024-01-28
114,Produce,Herbs,FreshCo,1.21,1.69,1.79,25,South,2024-04-12
115,Beverages,Tea,NaturePure,3.09,3.92,4.08,18,East,2024-10-08
116,Snacks,Cookies,UrbanFoods,2.61,3.29,3.44,26,West,2024-09-22
117,Dairy,Butter,DailyDelight,4.15,5.48,5.6,13,North,2024-06-28
118,Bakery,Bread,GoodBite,1.83,2.34,2.28,29,South,2024-12-25
119,Frozen,Ice Cream,FreshCo,3.58,4.78,4.45,23,East,2024-03-01
120,Produce,Salads,NaturePure,2.16,2.84,2.73,31,West,2024-07-01
121,Beverages,Coffee,UrbanFoods,3.57,4.72,4.93,23,North,2024-05-20
122,Snacks,Chips,DailyDelight,2.06,2.72,2.89,26,South,2024-09-07
123,Dairy,Yogurt,GoodBite,4.75,6.24,6.48,17,East,2024-02-11
124,Bakery,Cakes,FreshCo,6.19,8.09,7.54,15,West,2024-10-01
125,Frozen,Meals,NaturePure,5.23,6.87,7.32,22,North,2024-03-16
126,Produce,Fruits,UrbanFoods,2.07,2.69,2.88,35,South,2024-08-24
127,Beverages,Soda,DailyDelight,2.76,3.44,3.66,27,East,2024-12-21
128,Snacks,Bars,GoodBite,1.91,2.51,2.37,21,West,2024-04-07
129,Dairy,Milk,FreshCo,2.73,3.72,3.94,15,North,2024-07-29
130,Bakery,Muffins,NaturePure,3.19,4.24,4.02,18,South,2024-05-01
131,Frozen,Pizza,UrbanFoods,4.18,5.39,5.67,25,East,2024-11-13
132,Produce,Vegetables,DailyDelight,1.49,2.04,1.97,33,West,2024-01-06
133,Beverages,Juice,GoodBite,2.42,3.07,3.19,28,North,2024-09-18
134,Snacks,Nuts,FreshCo,2.85,3.74,3.52,22,South,2024-06-04
135,Dairy,Cheese,NaturePure,5.36,7.05,6.84,15,East,2024-03-26
136,Bakery,Pastry,UrbanFoods,2.73,3.65,3.47,18,West,2024-10-19
137,Frozen,Veggies,DailyDelight,1.81,2.41,2.22,31,North,2024-02-09
138,Produce,Herbs,GoodBite,1.17,1.56,1.67,24,South,2024-12-13
139,Beverages,Tea,FreshCo,3.15,4.04,4.22,19,East,2024-05-18
140,Snacks,Cookies,NaturePure,2.55,3.2,3.1,26,West,2024-03-14
141,Dairy,Butter,UrbanFoods,4.33,5.77,5.92,13,North,2024-09-25
142,Bakery,Bread,DailyDelight,1.82,2.29,2.19,29,South,2024-04-04
143,Frozen,Ice Cream,GoodBite,3.69,4.92,4.67,24,East,2024-01-10
144,Produce,Salads,FreshCo,2.25,2.92,3.03,30,West,2024-07-20
145,Beverages,Coffee,NaturePure,3.69,4.91,4.82,24,North,2024-12-10
146,Snacks,Chips,UrbanFoods,2.18,2.81,2.66,27,South,2024-08-01
147,Dairy,Yogurt,DailyDelight,4.63,6.2,6.58,18,East,2024-02-03
148,Bakery,Cakes,GoodBite,6.18,8.02,8.22,14,West,2024-06-13
149,Frozen,Meals,FreshCo,5.04,6.53,6.11,21,North,2024-10-27
150,Produce,Fruits,NaturePure,2.01,2.67,2.56,34,South,2024-03-31
151,Beverages,Soda,UrbanFoods,2.69,3.32,3.41,27,East,2024-11-06
152,Snacks,Bars,DailyDelight,1.94,2.45,2.54,22,West,2024-05-22
153,Dairy,Milk,GoodBite,2.74,3.76,3.58,16,North,2024-01-14
154,Bakery,Muffins,FreshCo,3.18,4.17,4.33,18,South,2024-09-01
155,Frozen,Pizza,NaturePure,4.24,5.51,5.39,24,East,2024-06-18
156,Produce,Vegetables,UrbanFoods,1.53,2.11,1.98,32,West,2024-02-25
157,Beverages,Juice,DailyDelight,2.47,3.09,3.21,28,North,2024-07-10
158,Snacks,Nuts,GoodBite,2.91,3.66,3.55,21,South,2024-04-26
159,Dairy,Cheese,FreshCo,5.31,6.98,6.87,15,East,2024-12-29
160,Bakery,Pastry,NaturePure,2.78,3.63,3.44,19,West,2024-03-05
161,Frozen,Veggies,UrbanFoods,1.84,2.45,2.28,31,North,2024-10-17
162,Produce,Herbs,DailyDelight,1.12,1.52,1.61,23,South,2024-06-12
163,Beverages,Tea,GoodBite,3.13,4.09,4.22,18,East,2024-09-07
164,Snacks,Cookies,FreshCo,2.57,3.27,3.19,25,West,2024-01-27
165,Dairy,Butter,NaturePure,4.19,5.61,5.84,14,North,2024-05-03
166,Bakery,Bread,UrbanFoods,1.86,2.3,2.47,28,South,2024-12-20
167,Frozen,Ice Cream,DailyDelight,3.74,4.94,4.88,23,East,2024-03-25
168,Produce,Salads,GoodBite,2.18,2.87,2.75,30,West,2024-08-15
169,Beverages,Coffee,FreshCo,3.79,4.89,5.04,24,North,2024-11-30
170,Snacks,Chips,NaturePure,2.09,2.71,2.69,27,South,2024-05-08
171,Dairy,Yogurt,UrbanFoods,4.69,6.22,6.43,17,East,2024-10-26
172,Bakery,Cakes,DailyDelight,6.32,8.11,8.47,16,West,2024-02-19
173,Frozen,Meals,GoodBite,5.11,6.66,7.1,22,North,2024-07-14
174,Produce,Fruits,FreshCo,2.05,2.65,2.88,35,South,2024-04-29
175,Beverages,Soda,NaturePure,2.79,3.43,3.31,27,East,2024-12-09
176,Snacks,Bars,UrbanFoods,1.99,2.48,2.61,20,West,2024-06-21
177,Dairy,Milk,DailyDelight,2.82,3.77,3.69,16,North,2024-01-22
178,Bakery,Muffins,GoodBite,3.25,4.31,4.49,18,South,2024-08-28
179,Frozen,Pizza,FreshCo,4.35,5.56,5.74,24,East,2024-05-16
180,Produce,Vegetables,NaturePure,1.57,2.06,1.93,33,West,2024-10-03
181,Beverages,Juice,UrbanFoods,2.44,3.15,3.27,29,North,2024-03-11
182,Snacks,Nuts,DailyDelight,2.93,3.69,3.46,21,South,2024-11-16
183,Dairy,Cheese,GoodBite,5.28,7.01,6.88,14,East,2024-02-07
184,Bakery,Pastry,FreshCo,2.85,3.6,3.49,19,West,2024-09-24
185,Frozen,Veggies,NaturePure,1.76,2.34,2.26,31,North,2024-06-09
186,Produce,Herbs,UrbanFoods,1.14,1.57,1.66,24,South,2024-03-19
187,Beverages,Tea,DailyDelight,3.17,4.12,3.89,18,East,2024-05-29
188,Snacks,Cookies,GoodBite,2.63,3.25,3.47,25,West,2024-12-16
189,Dairy,Butter,FreshCo,4.24,5.56,5.95,14,North,2024-08-05
190,Bakery,Bread,NaturePure,1.87,2.39,2.26,29,South,2024-04-10
191,Frozen,Ice Cream,UrbanFoods,3.73,4.96,4.81,23,East,2024-11-01
192,Produce,Salads,DailyDelight,2.23,2.88,2.7,31,West,2024-01-12
193,Beverages,Coffee,GoodBite,3.74,4.92,4.79,23,North,2024-07-06
194,Snacks,Chips,FreshCo,2.13,2.81,2.9,27,South,2024-02-14
195,Dairy,Yogurt,NaturePure,4.69,6.36,6.21,18,East,2024-09-10
196,Bakery,Cakes,UrbanFoods,6.13,8.03,8.54,16,West,2024-06-01
197,Frozen,Meals,DailyDelight,5.21,6.73,7.14,21,North,2024-10-29
198,Produce,Fruits,GoodBite,2.08,2.72,2.94,34,South,2024-05-25
199,Beverages,Soda,FreshCo,2.77,3.45,3.22,27,East,2024-12-31
200,Snacks,Bars,NaturePure,1.96,2.61,2.53,22,West,2024-03-08
201,Dairy,Milk,UrbanFoods,2.76,3.78,3.92,16,North,2024-04-14
202,Bakery,Muffins,DailyDelight,3.28,4.25,4.01,18,South,2024-08-17
203,Frozen,Pizza,GoodBite,4.33,5.5,5.18,24,East,2024-01-30
204,Produce,Vegetables,FreshCo,1.54,2.09,2.24,33,West,2024-11-12
205,Beverages,Juice,NaturePure,2.46,3.12,3.25,29,North,2024-06-01
206,Snacks,Nuts,UrbanFoods,2.94,3.78,3.55,22,South,2024-02-08
207,Dairy,Cheese,DailyDelight,5.29,6.96,7.17,14,East,2024-07-19
208,Bakery,Pastry,GoodBite,2.8,3.62,3.51,20,West,2024-10-05
209,Frozen,Veggies,FreshCo,1.78,2.35,2.27,32,North,2024-03-21
210,Produce,Herbs,NaturePure,1.13,1.56,1.63,23,South,2024-12-11
211,Beverages,Tea,UrbanFoods,3.23,4.11,4.29,19,East,2024-05-06
212,Snacks,Cookies,DailyDelight,2.59,3.34,3.18,26,West,2024-09-26
213,Dairy,Butter,GoodBite,4.29,5.62,5.89,14,North,2024-01-11
214,Bakery,Bread,FreshCo,1.83,2.3,2.43,28,South,2024-04-23
215,Frozen,Ice Cream,NaturePure,3.71,4.91,5.02,24,East,2024-11-22
216,Produce,Salads,UrbanFoods,2.27,2.88,2.95,30,West,2024-03-09
217,Beverages,Coffee,DailyDelight,3.73,4.91,5.16,23,North,2024-06-25
218,Snacks,Chips,GoodBite,2.15,2.79,2.93,27,South,2024-07-30
219,Dairy,Yogurt,FreshCo,4.58,6.11,6.45,17,East,2024-02-01
220,Bakery,Cakes,NaturePure,6.24,8.12,7.89,16,West,2024-10-17
221,Frozen,Meals,UrbanFoods,5.18,6.81,6.51,21,North,2024-08-06
222,Produce,Fruits,DailyDelight,2.04,2.69,2.55,34,South,2024-05-11
223,Beverages,Soda,GoodBite,2.81,3.46,3.59,27,East,2024-12-26
224,Snacks,Bars,FreshCo,1.9,2.45,2.55,21,West,2024-04-14
225,Dairy,Milk,NaturePure,2.68,3.68,3.95,16,North,2024-09-02
226,Bakery,Muffins,UrbanFoods,3.18,4.15,4.39,18,South,2024-06-19
227,Frozen,Pizza,DailyDelight,4.29,5.49,5.62,24,East,2024-11-09
228,Produce,Vegetables,GoodBite,1.52,2.04,2.12,32,West,2024-01-18
229,Beverages,Juice,FreshCo,2.35,2.99,2.93,28,North,2024-08-14
230,Snacks,Nuts,NaturePure,2.9,3.7,3.45,21,South,2024-03-28
231,Dairy,Cheese,UrbanFoods,5.33,6.97,7.11,14,East,2024-10-12
232,Bakery,Pastry,DailyDelight,2.77,3.56,3.42,19,West,2024-02-27
233,Frozen,Veggies,GoodBite,1.81,2.41,2.31,31,North,2024-12-02
234,Produce,Herbs,FreshCo,1.18,1.65,1.7,25,South,2024-07-07
235,Beverages,Tea,NaturePure,3.11,4.02,4.17,18,East,2024-05-15
236,Snacks,Cookies,UrbanFoods,2.58,3.19,3.46,25,West,2024-11-30
237,Dairy,Butter,DailyDelight,4.2,5.52,5.61,13,North,2024-03-13
238,Bakery,Bread,GoodBite,1.82,2.33,2.27,29,South,2024-09-21
239,Frozen,Ice Cream,FreshCo,3.63,4.8,4.75,24,East,2024-02-05
240,Produce,Salads,NaturePure,2.18,2.82,2.77,30,West,2024-06-30
241,Beverages,Coffee,UrbanFoods,3.61,4.77,4.83,23,North,2024-01-19
242,Snacks,Chips,DailyDelight,2.1,2.73,2.95,27,South,2024-04-01
243,Dairy,Yogurt,GoodBite,4.73,6.26,6.33,17,East,2024-10-24
244,Bakery,Cakes,FreshCo,6.2,8.06,8.21,14,West,2024-08-18
245,Frozen,Meals,NaturePure,5.15,6.71,7.14,22,North,2024-03-04
246,Produce,Fruits,UrbanFoods,2.06,2.67,2.86,34,South,2024-12-23
247,Beverages,Soda,DailyDelight,2.79,3.39,3.55,27,East,2024-06-11
248,Snacks,Bars,GoodBite,1.88,2.51,2.36,21,West,2024-03-03
249,Dairy,Milk,FreshCo,2.72,3.71,3.84,16,North,2024-09-15
250,Bakery,Muffins,NaturePure,3.27,4.38,4.19,18,South,2024-05-23
251,Frozen,Pizza,UrbanFoods,4.23,5.38,5.29,25,East,2024-10-30
252,Produce,Vegetables,DailyDelight,1.51,2.03,1.91,33,West,2024-01-04
253,Beverages,Juice,GoodBite,2.43,3.09,3.29,28,North,2024-07-21
254,Snacks,Nuts,FreshCo,2.86,3.73,3.59,21,South,2024-04-17
255,Dairy,Cheese,NaturePure,5.29,6.9,6.78,15,East,2024-11-04
256,Bakery,Pastry,UrbanFoods,2.73,3.58,3.49,19,West,2024-02-22
257,Frozen,Veggies,DailyDelight,1.82,2.43,2.22,32,North,2024-09-07
258,Produce,Herbs,GoodBite,1.16,1.57,1.63,25,South,2024-06-06
259,Beverages,Tea,FreshCo,3.18,4.05,4.28,18,East,2024-12-15
260,Snacks,Cookies,NaturePure,2.51,3.18,3.03,26,West,2024-03-12
261,Dairy,Butter,UrbanFoods,4.38,5.73,5.62,13,North,2024-08-20
262,Bakery,Bread,DailyDelight,1.85,2.32,2.26,29,South,2024-01-09
263,Frozen,Ice Cream,GoodBite,3.7,4.89,4.92,24,East,2024-05-28
264,Produce,Salads,FreshCo,2.23,2.91,3.02,31,West,2024-10-07
265,Beverages,Coffee,NaturePure,3.74,4.92,4.75,23,North,2024-04-20
266,Snacks,Chips,UrbanFoods,2.16,2.82,2.91,26,South,2024-09-11
267,Dairy,Yogurt,DailyDelight,4.66,6.19,6.45,18,East,2024-02-14
268,Bakery,Cakes,GoodBite,6.17,8.03,8.44,16,West,2024-07-15
269,Frozen,Meals,FreshCo,5.02,6.59,6.41,22,North,2024-03-10
270,Produce,Fruits,NaturePure,2.02,2.66,2.89,35,South,2024-11-08
271,Beverages,Soda,UrbanFoods,2.72,3.33,3.19,28,East,2024-06-24
272,Snacks,Bars,DailyDelight,1.92,2.47,2.54,20,West,2024-01-26
273,Dairy,Milk,GoodBite,2.75,3.78,3.95,15,North,2024-05-15
274,Bakery,Muffins,FreshCo,3.19,4.22,4.39,18,South,2024-10-19
275,Frozen,Pizza,NaturePure,4.29,5.52,5.66,25,East,2024-08-02
276,Produce,Vegetables,UrbanFoods,1.55,2.1,1.94,33,West,2024-04-11
277,Beverages,Juice,DailyDelight,2.49,3.1,3.27,28,North,2024-02-06
278,Snacks,Nuts,GoodBite,2.92,3.75,3.56,22,South,2024-09-29
279,Dairy,Cheese,FreshCo,5.34,6.92,7.2,14,East,2024-12-30
280,Bakery,Pastry,NaturePure,2.82,3.66,3.58,19,West,2024-06-14
281,Frozen,Veggies,UrbanFoods,1.83,2.44,2.31,31,North,2024-03-01
282,Produce,Herbs,DailyDelight,1.15,1.53,1.6,24,South,2024-08-27
283,Beverages,Tea,GoodBite,3.17,4.13,4.34,19,East,2024-10-04
284,Snacks,Cookies,FreshCo,2.59,3.31,3.28,26,West,2024-05-19
285,Dairy,Butter,NaturePure,4.16,5.5,5.79,14,North,2024-01-07
286,Bakery,Bread,UrbanFoods,1.84,2.28,2.31,28,South,2024-04-30
287,Frozen,Ice Cream,DailyDelight,3.76,4.95,4.77,23,East,2024-09-23
288,Produce,Salads,GoodBite,2.2,2.89,2.8,31,West,2024-02-26
289,Beverages,Coffee,FreshCo,3.8,4.92,5.15,24,North,2024-12-07
290,Snacks,Chips,NaturePure,2.08,2.75,2.68,27,South,2024-06-15
291,Dairy,Yogurt,UrbanFoods,4.67,6.21,6.48,17,East,2024-03-24
292,Bakery,Cakes,DailyDelight,6.28,8.17,8.43,16,West,2024-11-10
293,Frozen,Meals,GoodBite,5.1,6.64,7.06,22,North,2024-07-28
294,Produce,Fruits,FreshCo,2.03,2.63,2.87,34,South,2024-02-02
295,Beverages,Soda,NaturePure,2.71,3.37,3.48,27,East,2024-09-13
296,Snacks,Bars,UrbanFoods,1.95,2.49,2.58,22,West,2024-05-08
297,Dairy,Milk,DailyDelight,2.81,3.76,3.66,16,North,2024-01-20
298,Bakery,Muffins,GoodBite,3.24,4.29,4.51,18,South,2024-08-30
299,Frozen,Pizza,FreshCo,4.37,5.54,5.87,25,East,2024-04-06
300,Produce,Vegetables,NaturePure,1.56,2.03,1.99,33,West,2024-12-18
301,Beverages,Juice,UrbanFoods,2.45,3.11,3.24,28,North,2024-03-16
302,Snacks,Nuts,DailyDelight,2.94,3.72,3.61,21,South,2024-11-27
303,Dairy,Cheese,GoodBite,5.33,6.96,6.8,15,East,2024-06-05
304,Bakery,Pastry,FreshCo,2.84,3.62,3.41,19,West,2024-09-05
305,Frozen,Veggies,NaturePure,1.8,2.33,2.28,32,North,2024-02-13
306,Produce,Herbs,UrbanFoods,1.13,1.55,1.69,25,South,2024-08-09
307,Beverages,Tea,DailyDelight,3.2,4.07,4.19,18,East,2024-01-29
308,Snacks,Cookies,GoodBite,2.62,3.22,3.39,26,West,2024-05-12
309,Dairy,Butter,FreshCo,4.22,5.61,5.9,13,North,2024-10-28
310,Bakery,Bread,NaturePure,1.88,2.38,2.36,29,South,2024-04-19
311,Frozen,Ice Cream,UrbanFoods,3.75,4.98,4.85,23,East,2024-11-14
312,Produce,Salads,DailyDelight,2.26,2.94,2.71,30,West,2024-02-03
313,Beverages,Coffee,GoodBite,3.73,4.89,4.96,24,North,2024-08-04
314,Snacks,Chips,FreshCo,2.15,2.83,2.75,27,South,2024-12-27
315,Dairy,Yogurt,NaturePure,4.64,6.17,6.3,17,East,2024-06-07
316,Bakery,Cakes,UrbanFoods,6.16,8.1,8.37,16,West,2024-03-14
317,Frozen,Meals,DailyDelight,5.18,6.72,6.44,22,North,2024-09-06
318,Produce,Fruits,GoodBite,2.1,2.72,2.94,35,South,2024-05-03
319,Beverages,Soda,FreshCo,2.8,3.42,3.51,28,East,2024-01-26
320,Snacks,Bars,NaturePure,1.94,2.55,2.45,21,West,2024-07-19
321,Dairy,Milk,UrbanFoods,2.79,3.79,3.59,16,North,2024-10-10
322,Bakery,Muffins,DailyDelight,3.27,4.33,4.48,18,South,2024-04-25
323,Frozen,Pizza,GoodBite,4.32,5.51,5.67,25,East,2024-12-13
324,Produce,Vegetables,FreshCo,1.5,2,1.92,34,West,2024-09-01
325,Beverages,Juice,NaturePure,2.39,3.01,3.11,27,North,2024-06-29
326,Snacks,Nuts,UrbanFoods,2.93,3.79,3.54,22,South,2024-03-08
327,Dairy,Cheese,DailyDelight,5.27,6.88,7.09,15,East,2024-11-21
328,Bakery,Pastry,GoodBite,2.78,3.66,3.54,19,West,2024-02-18
329,Frozen,Veggies,FreshCo,1.79,2.31,2.14,31,North,2024-08-25
330,Produce,Herbs,NaturePure,1.1,1.52,1.66,23,South,2024-05-24
331,Beverages,Tea,UrbanFoods,3.19,4.08,4.25,18,East,2024-12-04
332,Snacks,Cookies,DailyDelight,2.55,3.25,3.17,25,West,2024-07-02
333,Dairy,Butter,GoodBite,4.2,5.59,5.91,13,North,2024-01-16
334,Bakery,Bread,FreshCo,1.84,2.32,2.28,29,South,2024-04-09
335,Frozen,Ice Cream,NaturePure,3.68,4.9,4.55,24,East,2024-10-23
336,Produce,Salads,UrbanFoods,2.2,2.86,2.91,31,West,2024-02-16
337,Beverages,Coffee,DailyDelight,3.7,4.86,5,23,North,2024-09-26
338,Snacks,Chips,GoodBite,2.14,2.8,2.93,27,South,2024-06-20
339,Dairy,Yogurt,FreshCo,4.57,6.08,6.43,17,East,2024-12-20
340,Bakery,Cakes,NaturePure,6.19,8.14,8.03,16,West,2024-03-29
341,Frozen,Meals,UrbanFoods,5.16,6.7,6.54,22,North,2024-08-08
342,Produce,Fruits,DailyDelight,2.03,2.64,2.56,34,South,2024-05-30
343,Beverages,Soda,GoodBite,2.76,3.4,3.36,27,East,2024-01-12
344,Snacks,Bars,FreshCo,1.91,2.52,2.6,22,West,2024-07-09
345,Dairy,Milk,NaturePure,2.69,3.7,3.99,16,North,2024-10-11
346,Bakery,Muffins,UrbanFoods,3.26,4.34,4.26,18,South,2024-04-08
347,Frozen,Pizza,DailyDelight,4.25,5.45,5.77,24,East,2024-12-14
348,Produce,Vegetables,GoodBite,1.53,2.05,2.1,33,West,2024-09-18
349,Beverages,Juice,FreshCo,2.44,3.07,3.23,27,North,2024-06-04
350,Snacks,Nuts,NaturePure,2.87,3.67,3.58,21,South,2024-11-17
351,Dairy,Cheese,UrbanFoods,5.3,6.89,7.06,15,East,2024-03-25
352,Bakery,Pastry,DailyDelight,2.79,3.6,3.44,19,West,2024-01-23
353,Frozen,Veggies,GoodBite,1.8,2.32,2.28,31,North,2024-08-29
354,Produce,Herbs,FreshCo,1.17,1.63,1.71,24,South,2024-05-10
355,Beverages,Tea,NaturePure,3.14,4.04,4.12,18,East,2024-12-28
356,Snacks,Cookies,UrbanFoods,2.63,3.27,3.33,26,West,2024-07-01
357,Dairy,Butter,DailyDelight,4.24,5.57,5.66,14,North,2024-02-17
358,Bakery,Bread,GoodBite,1.86,2.29,2.43,29,South,2024-04-28
359,Frozen,Ice Cream,FreshCo,3.64,4.84,4.91,23,East,2024-10-06
360,Produce,Salads,NaturePure,2.19,2.9,2.79,30,West,2024-03-02
361,Beverages,Coffee,UrbanFoods,3.65,4.87,5.11,23,North,2024-08-10
362,Snacks,Chips,DailyDelight,2.13,2.79,2.65,27,South,2024-01-31
363,Dairy,Yogurt,GoodBite,4.74,6.29,6.47,17,East,2024-05-17
364,Bakery,Cakes,FreshCo,6.25,8.1,8.22,16,West,2024-11-05
365,Frozen,Meals,NaturePure,5.09,6.66,7.21,22,North,2024-07-26
366,Produce,Fruits,UrbanFoods,2.07,2.65,2.71,35,South,2024-02-10
367,Beverages,Soda,DailyDelight,2.82,3.43,3.51,27,East,2024-06-13
368,Snacks,Bars,GoodBite,1.89,2.54,2.37,21,West,2024-09-24
369,Dairy,Milk,FreshCo,2.76,3.79,3.96,16,North,2024-04-15
370,Bakery,Muffins,NaturePure,3.25,4.33,4.51,18,South,2024-08-21
371,Frozen,Pizza,UrbanFoods,4.2,5.42,5.65,24,East,2024-12-17
372,Produce,Vegetables,DailyDelight,1.48,2,1.9,33,West,2024-03-06
373,Beverages,Juice,GoodBite,2.4,3.03,3.15,27,North,2024-10-02
374,Snacks,Nuts,FreshCo,2.85,3.74,3.71,21,South,2024-02-19
375,Dairy,Cheese,NaturePure,5.37,7.03,6.94,14,East,2024-06-21
376,Bakery,Pastry,UrbanFoods,2.73,3.59,3.62,19,West,2024-12-09
377,Frozen,Veggies,DailyDelight,1.82,2.37,2.16,32,North,2024-03-23
378,Produce,Herbs,GoodBite,1.14,1.59,1.75,25,South,2024-09-03
379,Beverages,Tea,FreshCo,3.12,4.02,4.24,18,East,2024-05-08
380,Snacks,Cookies,NaturePure,2.6,3.28,3.21,25,West,2024-11-14
381,Dairy,Butter,UrbanFoods,4.34,5.68,5.93,13,North,2024-01-28
382,Bakery,Bread,DailyDelight,1.87,2.32,2.27,29,South,2024-04-13
383,Frozen,Ice Cream,GoodBite,3.73,4.94,5.1,23,East,2024-07-14
384,Produce,Salads,FreshCo,2.26,2.88,3,30,West,2024-10-24
385,Beverages,Coffee,NaturePure,3.71,4.92,4.84,24,North,2024-02-21
386,Snacks,Chips,UrbanFoods,2.18,2.82,2.88,27,South,2024-06-02
387,Dairy,Yogurt,DailyDelight,4.72,6.3,6.58,17,East,2024-09-20
388,Bakery,Cakes,GoodBite,6.21,8.06,8.41,16,West,2024-03-27
389,Frozen,Meals,FreshCo,5.08,6.67,6.38,22,North,2024-12-29
390,Produce,Fruits,NaturePure,2,2.62,2.81,34,South,2024-08-05
391,Beverages,Soda,UrbanFoods,2.76,3.35,3.38,28,East,2024-05-01
392,Snacks,Bars,DailyDelight,1.9,2.49,2.57,21,West,2024-01-15
393,Dairy,Milk,GoodBite,2.8,3.81,3.69,16,North,2024-11-18
394,Bakery,Muffins,FreshCo,3.23,4.27,4.5,18,South,2024-07-31
395,Frozen,Pizza,NaturePure,4.39,5.56,5.76,24,East,2024-02-24
396,Produce,Vegetables,UrbanFoods,1.54,2.09,1.92,33,West,2024-06-18
397,Beverages,Juice,DailyDelight,2.48,3.09,3.24,28,North,2024-10-08
398,Snacks,Nuts,GoodBite,2.95,3.69,3.59,21,South,2024-03-21
399,Dairy,Cheese,FreshCo,5.35,6.94,7.08,14,East,2024-12-12
400,Bakery,Pastry,NaturePure,2.83,3.68,3.5,19,West,2024-05-27
401,Frozen,Veggies,UrbanFoods,1.81,2.38,2.29,32,North,2024-03-15
402,Produce,Herbs,DailyDelight,1.12,1.57,1.68,24,South,2024-07-22
403,Beverages,Tea,GoodBite,3.21,4.1,4.28,18,East,2024-01-18
404,Snacks,Cookies,FreshCo,2.57,3.24,3.39,25,West,2024-11-05
405,Dairy,Butter,NaturePure,4.31,5.7,5.85,13,North,2024-06-12
406,Bakery,Bread,UrbanFoods,1.89,2.33,2.36,29,South,2024-12-21
407,Frozen,Ice Cream,DailyDelight,3.69,4.91,4.8,23,East,2024-02-10
408,Produce,Salads,GoodBite,2.21,2.88,2.96,30,West,2024-08-18
409,Beverages,Coffee,FreshCo,3.68,4.87,5.08,24,North,2024-05-27
410,Snacks,Chips,NaturePure,2.17,2.78,2.9,27,South,2024-03-04
411,Dairy,Yogurt,UrbanFoods,4.63,6.18,6.4,17,East,2024-09-03
412,Bakery,Cakes,DailyDelight,6.23,8.08,8.34,16,West,2024-01-31
413,Frozen,Meals,GoodBite,5.12,6.69,6.52,22,North,2024-06-20
414,Produce,Fruits,FreshCo,2.08,2.66,2.91,35,South,2024-11-11
415,Beverages,Soda,NaturePure,2.79,3.41,3.49,28,East,2024-02-28
416,Snacks,Bars,UrbanFoods,1.93,2.5,2.57,21,West,2024-08-16
417,Dairy,Milk,DailyDelight,2.77,3.78,3.97,16,North,2024-05-08
418,Bakery,Muffins,GoodBite,3.22,4.26,4.47,18,South,2024-10-25
419,Frozen,Pizza,FreshCo,4.31,5.53,5.81,24,East,2024-04-03
420,Produce,Vegetables,NaturePure,1.57,2.02,2.08,33,West,2024-12-20
421,Beverages,Juice,UrbanFoods,2.46,3.08,3.23,27,North,2024-06-02
422,Snacks,Nuts,DailyDelight,2.88,3.74,3.59,21,South,2024-03-15
423,Dairy,Cheese,GoodBite,5.28,6.91,7.12,15,East,2024-11-19
424,Bakery,Pastry,FreshCo,2.81,3.63,3.51,19,West,2024-02-07
425,Frozen,Veggies,NaturePure,1.78,2.36,2.2,32,North,2024-08-28
426,Produce,Herbs,UrbanFoods,1.15,1.58,1.66,24,South,2024-05-14
427,Beverages,Tea,DailyDelight,3.16,4.09,4.21,18,East,2024-12-19
428,Snacks,Cookies,GoodBite,2.54,3.3,3.22,25,West,2024-07-03
429,Dairy,Butter,FreshCo,4.18,5.55,5.8,14,North,2024-01-10
430,Bakery,Bread,NaturePure,1.87,2.36,2.35,29,South,2024-04-24
431,Frozen,Ice Cream,UrbanFoods,3.74,4.96,4.81,23,East,2024-10-05
432,Produce,Salads,DailyDelight,2.24,2.89,2.97,30,West,2024-02-12
433,Beverages,Coffee,GoodBite,3.69,4.88,5.09,24,North,2024-08-08
434,Snacks,Chips,FreshCo,2.16,2.82,2.79,27,South,2024-01-22
435,Dairy,Yogurt,NaturePure,4.61,6.14,6.39,17,East,2024-06-16
436,Bakery,Cakes,UrbanFoods,6.2,8.12,8.41,16,West,2024-03-09
437,Frozen,Meals,DailyDelight,5.15,6.68,6.53,22,North,2024-12-01
438,Produce,Fruits,GoodBite,2.09,2.68,2.92,35,South,2024-08-11
439,Beverages,Soda,FreshCo,2.81,3.4,3.54,28,East,2024-05-07
440,Snacks,Bars,NaturePure,1.91,2.53,2.44,21,West,2024-01-29
441,Dairy,Milk,UrbanFoods,2.74,3.8,3.6,16,North,2024-10-02
442,Bakery,Muffins,DailyDelight,3.25,4.32,4.46,18,South,2024-04-14
443,Frozen,Pizza,GoodBite,4.34,5.55,5.68,24,East,2024-12-01
444,Produce,Vegetables,FreshCo,1.52,2.03,1.95,33,West,2024-09-14
445,Beverages,Juice,NaturePure,2.41,3.05,3.14,27,North,2024-06-07
446,Snacks,Nuts,UrbanFoods,2.91,3.71,3.6,21,South,2024-03-26
447,Dairy,Cheese,DailyDelight,5.36,6.98,7.14,15,East,2024-11-11
448,Bakery,Pastry,GoodBite,2.8,3.61,3.5,19,West,2024-02-28
449,Frozen,Veggies,FreshCo,1.79,2.34,2.25,32,North,2024-08-20
450,Produce,Herbs,NaturePure,1.11,1.56,1.72,24,South,2024-05-04
451,Beverages,Tea,UrbanFoods,3.18,4.06,4.26,18,East,2024-12-01
452,Snacks,Cookies,DailyDelight,2.59,3.27,3.3,25,West,2024-07-14
453,Dairy,Butter,GoodBite,4.21,5.6,5.84,14,North,2024-01-26
454,Bakery,Bread,FreshCo,1.86,2.31,2.29,29,South,2024-04-11
455,Frozen,Ice Cream,NaturePure,3.67,4.88,4.76,23,East,2024-10-16
456,Produce,Salads,UrbanFoods,2.25,2.91,2.98,30,West,2024-02-22
457,Beverages,Coffee,DailyDelight,3.7,4.89,5.06,24,North,2024-08-27
458,Snacks,Chips,GoodBite,2.15,2.77,2.91,27,South,2024-01-17
459,Dairy,Yogurt,FreshCo,4.65,6.23,6.44,17,East,2024-06-23
460,Bakery,Cakes,NaturePure,6.18,8.09,8.38,16,West,2024-03-11
461,Frozen,Meals,UrbanFoods,5.13,6.71,6.45,22,North,2024-12-08
462,Produce,Fruits,DailyDelight,2.06,2.69,2.85,35,South,2024-08-02
463,Beverages,Soda,GoodBite,2.78,3.42,3.5,28,East,2024-05-26
464,Snacks,Bars,FreshCo,1.92,2.51,2.55,21,West,2024-01-12
465,Dairy,Milk,NaturePure,2.7,3.77,3.96,16,North,2024-10-22
466,Bakery,Muffins,UrbanFoods,3.28,4.3,4.53,18,South,2024-04-02
467,Frozen,Pizza,DailyDelight,4.27,5.5,5.67,24,East,2024-12-19
468,Produce,Vegetables,GoodBite,1.55,2.01,2.11,33,West,2024-09-05
469,Beverages,Juice,FreshCo,2.42,3.03,3.26,27,North,2024-06-25
470,Snacks,Nuts,NaturePure,2.89,3.73,3.57,21,South,2024-03-12
471,Dairy,Cheese,UrbanFoods,5.31,6.93,7.05,15,East,2024-11-22
472,Bakery,Pastry,DailyDelight,2.77,3.65,3.55,19,West,2024-02-11
473,Frozen,Veggies,GoodBite,1.81,2.35,2.3,32,North,2024-08-30
474,Produce,Herbs,FreshCo,1.16,1.54,1.69,24,South,2024-05-26
475,Beverages,Tea,NaturePure,3.22,4.09,4.27,18,East,2024-12-10
476,Snacks,Cookies,UrbanFoods,2.58,3.29,3.34,25,West,2024-07-19
477,Dairy,Butter,DailyDelight,4.23,5.56,5.9,14,North,2024-01-03
478,Bakery,Bread,GoodBite,1.85,2.33,2.32,29,South,2024-04-18
479,Frozen,Ice Cream,FreshCo,3.66,4.85,4.94,23,East,2024-10-12
480,Produce,Salads,NaturePure,2.18,2.86,2.78,30,West,2024-03-20
481,Beverages,Coffee,UrbanFoods,3.67,4.9,5.07,24,North,2024-08-22
482,Snacks,Chips,DailyDelight,2.12,2.78,2.88,27,South,2024-01-06
483,Dairy,Yogurt,GoodBite,4.62,6.2,6.48,17,East,2024-06-01
484,Bakery,Cakes,FreshCo,6.22,8.11,8.32,16,West,2024-03-07
485,Frozen,Meals,NaturePure,5.14,6.69,6.49,22,North,2024-12-05
486,Produce,Fruits,UrbanFoods,2.05,2.63,2.89,35,South,2024-08-19
487,Beverages,Soda,DailyDelight,2.77,3.39,3.47,28,East,2024-05-12
488,Snacks,Bars,GoodBite,1.9,2.54,2.59,21,West,2024-01-20
489,Dairy,Milk,FreshCo,2.73,3.75,3.64,16,North,2024-10-14
490,Bakery,Muffins,NaturePure,3.26,4.31,4.5,18,South,2024-04-21
491,Frozen,Pizza,UrbanFoods,4.36,5.55,5.82,24,East,2024-12-09
492,Produce,Vegetables,DailyDelight,1.51,2.04,1.97,33,West,2024-09-09
493,Beverages,Juice,GoodBite,2.44,3.04,3.22,27,North,2024-06-01
494,Snacks,Nuts,FreshCo,2.86,3.76,3.63,21,South,2024-03-06
495,Dairy,Cheese,NaturePure,5.32,6.95,7.09,15,East,2024-11-13
496,Bakery,Pastry,UrbanFoods,2.79,3.66,3.48,19,West,2024-02-16
497,Frozen,Veggies,DailyDelight,1.83,2.33,2.26,32,North,2024-08-11
498,Produce,Herbs,GoodBite,1.13,1.58,1.7,24,South,2024-05-09
499,Beverages,Tea,FreshCo,3.19,4.05,4.27,18,East,2024-12-23
500,Snacks,Cookies,NaturePure,2.61,3.28,3.25,25,West,2024-07-17
501,Dairy,Butter,UrbanFoods,4.2,5.61,5.89,14,North,2024-01-08
502,Bakery,Bread,DailyDelight,1.88,2.34,2.37,29,South,2024-04-16
503,Frozen,Ice Cream,GoodBite,3.71,4.92,4.79,23,East,2024-10-14
504,Produce,Salads,FreshCo,2.23,2.9,2.95,30,West,2024-02-01
505,Beverages,Coffee,NaturePure,3.74,4.87,5.12,24,North,2024-08-02
506,Snacks,Chips,UrbanFoods,2.11,2.79,2.87,27,South,2024-01-12
507,Dairy,Yogurt,DailyDelight,4.64,6.15,6.41,17,East,2024-06-26
508,Bakery,Cakes,GoodBite,6.2,8.12,8.39,16,West,2024-03-12
509,Frozen,Meals,FreshCo,5.11,6.69,6.51,22,North,2024-12-20
510,Produce,Fruits,NaturePure,2.07,2.65,2.88,35,South,2024-08-25
511,Beverages,Soda,UrbanFoods,2.79,3.35,3.54,28,East,2024-05-20
512,Snacks,Bars,DailyDelight,1.91,2.49,2.57,21,West,2024-01-30
513,Dairy,Milk,GoodBite,2.75,3.8,3.63,16,North,2024-10-19
514,Bakery,Muffins,FreshCo,3.24,4.28,4.49,18,South,2024-04-05
515,Frozen,Pizza,NaturePure,4.38,5.54,5.76,24,East,2024-12-15
516,Produce,Vegetables,UrbanFoods,1.56,2.05,1.93,33,West,2024-09-11
517,Beverages,Juice,DailyDelight,2.47,3.07,3.25,27,North,2024-06-16
518,Snacks,Nuts,GoodBite,2.92,3.72,3.59,21,South,2024-03-22
519,Dairy,Cheese,FreshCo,5.33,6.97,7.13,15,East,2024-11-21
520,Bakery,Pastry,NaturePure,2.82,3.65,3.5,19,West,2024-02-20
521,Frozen,Veggies,UrbanFoods,1.82,2.36,2.28,32,North,2024-08-08
522,Produce,Herbs,DailyDelight,1.14,1.55,1.7,24,South,2024-05-17
523,Dairy,Milk,NaturePure,2.71,3.75,3.96,16,North,2024-10-12
524,Bakery,Muffins,UrbanFoods,3.25,4.29,4.5,18,South,2024-04-22
525,Frozen,Pizza,DailyDelight,4.34,5.51,5.78,24,East,2024-12-10
526,Produce,Vegetables,GoodBite,1.53,2.02,2.06,33,West,2024-09-08
527,Beverages,Juice,FreshCo,2.44,3.05,3.24,27,North,2024-06-10
528,Snacks,Nuts,NaturePure,2.88,3.74,3.59,21,South,2024-03-15
529,Dairy,Cheese,UrbanFoods,5.32,6.95,7.11,15,East,2024-11-20
530,Bakery,Pastry,DailyDelight,2.8,3.63,3.51,19,West,2024-02-17
531,Frozen,Veggies,GoodBite,1.82,2.36,2.27,32,North,2024-08-21
532,Produce,Herbs,FreshCo,1.15,1.56,1.7,24,South,2024-05-09
533,Beverages,Tea,NaturePure,3.19,4.08,4.27,18,East,2024-12-05
534,Snacks,Cookies,UrbanFoods,2.58,3.28,3.32,25,West,2024-07-19
535,Dairy,Butter,DailyDelight,4.22,5.58,5.87,14,North,2024-01-08
536,Bakery,Bread,GoodBite,1.88,2.34,2.36,29,South,2024-04-14
537,Frozen,Ice Cream,FreshCo,3.71,4.89,4.81,23,East,2024-10-14
538,Produce,Salads,NaturePure,2.23,2.87,2.96,30,West,2024-02-12
539,Beverages,Coffee,UrbanFoods,3.71,4.87,5.09,24,North,2024-08-12
540,Snacks,Chips,DailyDelight,2.16,2.76,2.91,27,South,2024-01-06
541,Dairy,Yogurt,GoodBite,4.64,6.18,6.45,17,East,2024-06-15
542,Bakery,Cakes,FreshCo,6.2,8.08,8.35,16,West,2024-03-12
543,Frozen,Meals,NaturePure,5.13,6.71,6.54,22,North,2024-12-08
544,Produce,Fruits,UrbanFoods,2.07,2.66,2.87,35,South,2024-08-15
545,Beverages,Soda,DailyDelight,2.8,3.39,3.5,28,East,2024-05-20
546,Snacks,Bars,GoodBite,1.91,2.53,2.57,21,West,2024-01-26
547,Dairy,Milk,FreshCo,2.74,3.79,3.62,16,North,2024-10-04
548,Bakery,Muffins,NaturePure,3.27,4.32,4.51,18,South,2024-04-10
549,Frozen,Pizza,UrbanFoods,4.35,5.52,5.77,24,East,2024-12-08
550,Produce,Vegetables,DailyDelight,1.54,2.01,2.05,33,West,2024-09-15
551,Beverages,Juice,GoodBite,2.45,3.06,3.24,27,North,2024-06-05
552,Snacks,Nuts,FreshCo,2.87,3.74,3.61,21,South,2024-03-18
553,Dairy,Cheese,NaturePure,5.31,6.95,7.12,15,East,2024-11-18
554,Bakery,Pastry,UrbanFoods,2.81,3.63,3.52,19,West,2024-02-10
555,Frozen,Veggies,DailyDelight,1.83,2.35,2.28,32,North,2024-08-18
556,Produce,Herbs,GoodBite,1.14,1.56,1.69,24,South,2024-05-07
557,Beverages,Tea,FreshCo,3.2,4.08,4.26,18,East,2024-12-14
558,Snacks,Cookies,NaturePure,2.57,3.3,3.33,25,West,2024-07-14
559,Dairy,Butter,UrbanFoods,4.21,5.57,5.86,14,North,2024-01-14
560,Bakery,Bread,DailyDelight,1.86,2.33,2.36,29,South,2024-04-12
561,Frozen,Ice Cream,GoodBite,3.69,4.88,4.79,23,East,2024-10-12
562,Produce,Salads,FreshCo,2.22,2.88,2.97,30,West,2024-02-10
563,Beverages,Coffee,NaturePure,3.7,4.85,5.08,24,North,2024-08-14
564,Snacks,Chips,UrbanFoods,2.14,2.77,2.89,27,South,2024-01-08
565,Dairy,Yogurt,DailyDelight,4.65,6.2,6.44,17,East,2024-06-12
566,Bakery,Cakes,GoodBite,6.21,8.1,8.33,16,West,2024-03-15
567,Frozen,Meals,FreshCo,5.14,6.7,6.55,22,North,2024-12-06
568,Produce,Fruits,NaturePure,2.06,2.65,2.86,35,South,2024-08-10
569,Beverages,Soda,UrbanFoods,2.79,3.38,3.5,28,East,2024-05-10
570,Snacks,Bars,DailyDelight,1.92,2.51,2.58,21,West,2024-01-20
571,Dairy,Milk,GoodBite,2.73,3.78,3.62,16,North,2024-10-06
572,Bakery,Muffins,FreshCo,3.25,4.31,4.5,18,South,2024-04-14
573,Frozen,Pizza,NaturePure,4.33,5.52,5.78,24,East,2024-12-12
574,Produce,Vegetables,UrbanFoods,1.55,2.03,2.06,33,West,2024-09-10
575,Beverages,Juice,DailyDelight,2.46,3.07,3.24,27,North,2024-06-12
576,Snacks,Nuts,GoodBite,2.88,3.73,3.61,21,South,2024-03-22
577,Dairy,Cheese,FreshCo,5.32,6.97,7.12,15,East,2024-11-21
578,Bakery,Pastry,NaturePure,2.81,3.65,3.52,19,West,2024-02-11
579,Frozen,Veggies,UrbanFoods,1.81,2.35,2.27,32,North,2024-08-20
580,Produce,Herbs,DailyDelight,1.13,1.55,1.69,24,South,2024-05-11
581,Beverages,Tea,GoodBite,3.21,4.09,4.26,18,East,2024-12-08
582,Snacks,Cookies,FreshCo,2.55,3.29,3.33,25,West,2024-07-17
583,Dairy,Butter,NaturePure,4.2,5.58,5.87,14,North,2024-01-09
584,Bakery,Bread,UrbanFoods,1.87,2.33,2.35,29,South,2024-04-16
585,Frozen,Ice Cream,DailyDelight,3.7,4.9,4.8,23,East,2024-10-16
586,Produce,Salads,GoodBite,2.21,2.87,2.96,30,West,2024-02-14
587,Beverages,Coffee,FreshCo,3.68,4.85,5.08,24,North,2024-08-16
588,Snacks,Chips,NaturePure,2.17,2.78,2.9,27,South,2024-01-12
589,Dairy,Yogurt,UrbanFoods,4.63,6.21,6.43,17,East,2024-06-14
590,Bakery,Cakes,DailyDelight,6.22,8.11,8.36,16,West,2024-03-18
591,Frozen,Meals,GoodBite,5.15,6.72,6.53,22,North,2024-12-04
592,Produce,Fruits,FreshCo,2.08,2.66,2.87,35,South,2024-08-18
593,Beverages,Soda,NaturePure,2.81,3.38,3.51,28,East,2024-05-14
594,Snacks,Bars,UrbanFoods,1.93,2.52,2.58,21,West,2024-01-24
595,Dairy,Milk,DailyDelight,2.71,3.76,3.97,16,North,2024-10-08
596,Bakery,Muffins,GoodBite,3.26,4.33,4.49,18,South,2024-04-18
597,Frozen,Pizza,FreshCo,4.34,5.52,5.79,24,East,2024-12-14
598,Produce,Vegetables,NaturePure,1.54,2.01,2.05,33,West,2024-09-12
599,Beverages,Juice,UrbanFoods,2.45,3.07,3.23,27,North,2024-06-14
600,Snacks,Nuts,DailyDelight,2.89,3.75,3.6,21,South,2024-03-20
601,Dairy,Cheese,GoodBite,5.33,6.95,7.12,15,East,2024-11-22
602,Bakery,Pastry,FreshCo,2.82,3.63,3.52,19,West,2024-02-14
603,Frozen,Veggies,NaturePure,1.82,2.36,2.27,32,North,2024-08-22
604,Produce,Herbs,UrbanFoods,1.15,1.57,1.69,24,South,2024-05-13
605,Beverages,Tea,DailyDelight,3.21,4.09,4.27,18,East,2024-12-09
606,Snacks,Cookies,GoodBite,2.56,3.28,3.33,25,West,2024-07-15
607,Dairy,Butter,FreshCo,4.2,5.57,5.87,14,North,2024-01-16
608,Bakery,Bread,NaturePure,1.87,2.33,2.35,29,South,2024-04-18
609,Frozen,Ice Cream,UrbanFoods,3.69,4.88,4.81,23,East,2024-10-16
610,Produce,Salads,DailyDelight,2.21,2.87,2.97,30,West,2024-02-16
611,Beverages,Coffee,GoodBite,3.7,4.86,5.09,24,North,2024-08-18
612,Snacks,Chips,FreshCo,2.14,2.77,2.91,27,South,2024-01-18
613,Dairy,Yogurt,NaturePure,4.64,6.19,6.44,17,East,2024-06-18
614,Bakery,Cakes,UrbanFoods,6.21,8.1,8.36,16,West,2024-03-20
615,Frozen,Meals,DailyDelight,5.14,6.72,6.54,22,North,2024-12-08
616,Produce,Fruits,GoodBite,2.07,2.67,2.86,35,South,2024-08-20
617,Beverages,Soda,FreshCo,2.8,3.39,3.51,28,East,2024-05-16
618,Snacks,Bars,NaturePure,1.92,2.52,2.58,21,West,2024-01-20
619,Dairy,Milk,UrbanFoods,2.74,3.78,3.62,16,North,2024-10-10
620,Bakery,Muffins,DailyDelight,3.25,4.3,4.51,18,South,2024-04-20
621,Frozen,Pizza,GoodBite,4.34,5.52,5.77,24,East,2024-12-12
622,Produce,Vegetables,FreshCo,1.55,2.02,2.06,33,West,2024-09-14
623,Beverages,Juice,NaturePure,2.46,3.06,3.24,27,North,2024-06-16
624,Snacks,Nuts,UrbanFoods,2.88,3.74,3.6,21,South,2024-03-22
625,Dairy,Cheese,DailyDelight,5.33,6.95,7.11,15,East,2024-11-25
626,Bakery,Pastry,GoodBite,2.82,3.64,3.51,19,West,2024-02-16
627,Frozen,Veggies,FreshCo,1.81,2.36,2.27,32,North,2024-08-24
628,Produce,Herbs,NaturePure,1.14,1.55,1.69,24,South,2024-05-15
629,Beverages,Tea,UrbanFoods,3.2,4.08,4.26,18,East,2024-12-11
630,Snacks,Cookies,DailyDelight,2.57,3.29,3.33,25,West,2024-07-17
631,Dairy,Butter,GoodBite,4.21,5.57,5.86,14,North,2024-01-18
632,Bakery,Bread,FreshCo,1.88,2.34,2.36,29,South,2024-04-20
633,Frozen,Ice Cream,NaturePure,3.7,4.89,4.81,23,East,2024-10-18
634,Produce,Salads,UrbanFoods,2.22,2.87,2.97,30,West,2024-02-18
635,Beverages,Coffee,DailyDelight,3.71,4.87,5.08,24,North,2024-08-20
636,Snacks,Chips,GoodBite,2.15,2.76,2.9,27,South,2024-01-20
637,Dairy,Yogurt,FreshCo,4.63,6.2,6.44,17,East,2024-06-20
638,Bakery,Cakes,NaturePure,6.22,8.1,8.35,16,West,2024-03-22
639,Frozen,Meals,UrbanFoods,5.15,6.71,6.55,22,North,2024-12-10
640,Produce,Fruits,DailyDelight,2.07,2.66,2.86,35,South,2024-08-22
641,Beverages,Soda,GoodBite,2.81,3.39,3.51,28,East,2024-05-18
642,Snacks,Bars,FreshCo,1.92,2.52,2.57,21,West,2024-01-22
643,Dairy,Milk,NaturePure,2.73,3.78,3.62,16,North,2024-10-12
644,Bakery,Muffins,UrbanFoods,3.26,4.31,4.5,18,South,2024-04-22
645,Frozen,Pizza,DailyDelight,4.34,5.53,5.78,24,East,2024-12-14
646,Produce,Vegetables,GoodBite,1.54,2.03,2.05,33,West,2024-09-16
647,Beverages,Juice,FreshCo,2.45,3.07,3.24,27,North,2024-06-18
648,Snacks,Nuts,NaturePure,2.88,3.74,3.61,21,South,2024-03-24
649,Dairy,Cheese,UrbanFoods,5.33,6.97,7.12,15,East,2024-11-28
650,Bakery,Pastry,DailyDelight,2.81,3.63,3.52,19,West,2024-02-18
651,Frozen,Veggies,GoodBite,1.82,2.36,2.27,32,North,2024-08-26
652,Produce,Herbs,FreshCo,1.15,1.57,1.69,24,South,2024-05-17
653,Beverages,Tea,NaturePure,3.2,4.09,4.26,18,East,2024-12-13
654,Snacks,Cookies,UrbanFoods,2.56,3.28,3.33,25,West,2024-07-19
655,Dairy,Butter,DailyDelight,4.21,5.57,5.86,14,North,2024-01-20
656,Bakery,Bread,GoodBite,1.87,2.34,2.36,29,South,2024-04-22
657,Frozen,Ice Cream,FreshCo,3.71,4.88,4.81,23,East,2024-10-20
658,Produce,Salads,NaturePure,2.22,2.87,2.97,30,West,2024-02-20
659,Beverages,Coffee,UrbanFoods,3.7,4.86,5.09,24,North,2024-08-22
660,Snacks,Chips,DailyDelight,2.14,2.76,2.91,27,South,2024-01-24
661,Dairy,Yogurt,GoodBite,4.64,6.19,6.44,17,East,2024-06-22
662,Bakery,Cakes,FreshCo,6.21,8.1,8.36,16,West,2024-03-24
663,Frozen,Meals,NaturePure,5.14,6.71,6.54,22,North,2024-12-12
664,Produce,Fruits,UrbanFoods,2.06,2.66,2.87,35,South,2024-08-24
665,Beverages,Soda,DailyDelight,2.8,3.38,3.5,28,East,2024-05-20
666,Snacks,Bars,GoodBite,1.92,2.51,2.58,21,West,2024-01-24
667,Dairy,Milk,FreshCo,2.73,3.78,3.62,16,North,2024-10-14
668,Bakery,Muffins,NaturePure,3.25,4.31,4.5,18,South,2024-04-24
669,Frozen,Pizza,UrbanFoods,4.33,5.52,5.78,24,East,2024-12-16
670,Produce,Vegetables,DailyDelight,1.55,2.03,2.05,33,West,2024-09-18
671,Beverages,Juice,GoodBite,2.46,3.07,3.25,27,North,2024-06-20
672,Snacks,Nuts,FreshCo,2.88,3.74,3.6,21,South,2024-03-26
673,Dairy,Cheese,NaturePure,5.32,6.95,7.12,15,East,2024-11-30
674,Bakery,Pastry,UrbanFoods,2.81,3.63,3.52,19,West,2024-02-20
675,Frozen,Veggies,DailyDelight,1.82,2.36,2.27,32,North,2024-08-28
676,Produce,Herbs,GoodBite,1.14,1.56,1.69,24,South,2024-05-19
677,Beverages,Tea,FreshCo,3.21,4.09,4.26,18,East,2024-12-15
678,Snacks,Cookies,NaturePure,2.55,3.28,3.33,25,West,2024-07-21
679,Dairy,Butter,UrbanFoods,4.2,5.57,5.87,14,North,2024-01-22
680,Bakery,Bread,DailyDelight,1.87,2.34,2.36,29,South,2024-04-24
681,Frozen,Ice Cream,GoodBite,3.7,4.88,4.8,23,East,2024-10-22
682,Produce,Salads,FreshCo,2.21,2.87,2.97,30,West,2024-02-22
683,Beverages,Coffee,NaturePure,3.7,4.86,5.08,24,North,2024-08-24
684,Snacks,Chips,UrbanFoods,2.15,2.76,2.9,27,South,2024-01-26
685,Dairy,Yogurt,DailyDelight,4.63,6.19,6.44,17,East,2024-06-24
686,Bakery,Cakes,GoodBite,6.21,8.1,8.36,16,West,2024-03-26
687,Frozen,Meals,FreshCo,5.14,6.71,6.54,22,North,2024-12-14
688,Produce,Fruits,NaturePure,2.07,2.66,2.87,35,South,2024-08-26
689,Beverages,Soda,UrbanFoods,2.81,3.39,3.51,28,East,2024-05-22
690,Snacks,Bars,DailyDelight,1.92,2.52,2.58,21,West,2024-01-26
691,Dairy,Milk,GoodBite,2.73,3.78,3.62,16,North,2024-10-16
692,Bakery,Muffins,FreshCo,3.25,4.31,4.5,18,South,2024-04-26
693,Frozen,Pizza,NaturePure,4.34,5.52,5.78,24,East,2024-12-18
694,Produce,Vegetables,UrbanFoods,1.54,2.03,2.05,33,West,2024-09-20
695,Beverages,Juice,DailyDelight,2.45,3.07,3.24,27,North,2024-06-22
696,Snacks,Nuts,GoodBite,2.88,3.74,3.61,21,South,2024-03-28
697,Dairy,Cheese,FreshCo,5.33,6.95,7.12,15,East,2024-12-02
698,Bakery,Pastry,NaturePure,2.81,3.63,3.52,19,West,2024-02-22
699,Frozen,Veggies,UrbanFoods,1.82,2.36,2.27,32,North,2024-08-30
700,Produce,Herbs,DailyDelight,1.15,1.57,1.69,24,South,2024-05-21
701,Beverages,Tea,GoodBite,3.2,4.08,4.26,18,East,2024-12-17
702,Snacks,Cookies,FreshCo,2.56,3.28,3.33,25,West,2024-07-23
703,Dairy,Butter,NaturePure,4.21,5.57,5.87,14,North,2024-01-24
704,Bakery,Bread,UrbanFoods,1.87,2.34,2.36,29,South,2024-04-26
705,Frozen,Ice Cream,DailyDelight,3.7,4.88,4.8,23,East,2024-10-24
706,Produce,Salads,GoodBite,2.21,2.87,2.97,30,West,2024-02-24
707,Beverages,Coffee,FreshCo,3.7,4.86,5.08,24,North,2024-08-26
708,Snacks,Chips,NaturePure,2.14,2.76,2.91,27,South,2024-01-28
709,Dairy,Yogurt,UrbanFoods,4.63,6.19,6.44,17,East,2024-06-26
710,Bakery,Cakes,DailyDelight,6.21,8.1,8.36,16,West,2024-03-28
711,Frozen,Meals,GoodBite,5.14,6.71,6.54,22,North,2024-12-16
712,Produce,Fruits,FreshCo,2.07,2.66,2.87,35,South,2024-08-28
713,Beverages,Soda,NaturePure,2.8,3.39,3.51,28,East,2024-05-24
714,Snacks,Bars,UrbanFoods,1.92,2.52,2.58,21,West,2024-01-28
715,Dairy,Milk,DailyDelight,2.73,3.78,3.62,16,North,2024-10-18
716,Bakery,Muffins,GoodBite,3.25,4.31,4.5,18,South,2024-04-28
717,Frozen,Pizza,FreshCo,4.34,5.52,5.78,24,East,2024-12-20
718,Produce,Vegetables,NaturePure,1.55,2.03,2.05,33,West,2024-09-22
719,Beverages,Juice,UrbanFoods,2.46,3.07,3.24,27,North,2024-06-24
720,Snacks,Nuts,DailyDelight,2.88,3.74,3.61,21,South,2024-03-30
721,Dairy,Cheese,GoodBite,5.33,6.95,7.12,15,East,2024-12-04
722,Bakery,Pastry,FreshCo,2.82,3.63,3.52,19,West,2024-02-24
723,Frozen,Veggies,NaturePure,1.82,2.36,2.27,32,North,2024-09-01
724,Produce,Herbs,UrbanFoods,1.15,1.57,1.69,24,South,2024-05-23
725,Beverages,Tea,DailyDelight,3.21,4.09,4.27,18,East,2024-12-19
726,Snacks,Cookies,GoodBite,2.56,3.28,3.33,25,West,2024-07-25
727,Dairy,Butter,FreshCo,4.21,5.57,5.87,14,North,2024-01-26
728,Bakery,Bread,NaturePure,1.87,2.34,2.36,29,South,2024-04-28
729,Frozen,Ice Cream,UrbanFoods,3.7,4.88,4.81,23,East,2024-10-26
730,Produce,Salads,DailyDelight,2.21,2.87,2.97,30,West,2024-02-26
731,Beverages,Coffee,GoodBite,3.7,4.86,5.09,24,North,2024-08-28
732,Snacks,Chips,FreshCo,2.14,2.76,2.91,27,South,2024-01-30
733,Dairy,Yogurt,NaturePure,4.64,6.19,6.44,17,East,2024-06-28
734,Bakery,Cakes,UrbanFoods,6.21,8.1,8.36,16,West,2024-03-30
735,Frozen,Meals,DailyDelight,5.14,6.71,6.54,22,North,2024-12-18
736,Produce,Fruits,GoodBite,2.07,2.66,2.86,35,South,2024-08-30
737,Beverages,Soda,FreshCo,2.8,3.39,3.51,28,East,2024-05-26
738,Snacks,Bars,NaturePure,1.92,2.52,2.57,21,West,2024-01-30
739,Dairy,Milk,UrbanFoods,2.73,3.78,3.62,16,North,2024-10-20
740,Bakery,Muffins,DailyDelight,3.25,4.31,4.5,18,South,2024-04-30
741,Frozen,Pizza,GoodBite,4.34,5.52,5.77,24,East,2024-12-22
742,Produce,Vegetables,FreshCo,1.55,2.02,2.06,33,West,2024-09-24
743,Beverages,Juice,NaturePure,2.46,3.06,3.24,27,North,2024-06-26
744,Snacks,Nuts,UrbanFoods,2.88,3.74,3.6,21,South,2024-04-01
745,Dairy,Cheese,DailyDelight,5.33,6.95,7.11,15,East,2024-12-06
746,Bakery,Pastry,GoodBite,2.82,3.64,3.51,19,West,2024-02-26
747,Frozen,Veggies,FreshCo,1.81,2.36,2.27,32,North,2024-09-03
748,Produce,Herbs,NaturePure,1.14,1.55,1.69,24,South,2024-05-25
749,Beverages,Tea,UrbanFoods,3.2,4.08,4.26,18,East,2024-12-21
750,Snacks,Cookies,DailyDelight,2.57,3.29,3.33,25,West,2024-07-27
751,Dairy,Butter,GoodBite,4.21,5.57,5.86,14,North,2024-01-28
752,Bakery,Bread,FreshCo,1.88,2.34,2.36,29,South,2024-05-01
753,Frozen,Ice Cream,NaturePure,3.71,4.89,4.81,23,East,2024-10-28
754,Produce,Salads,UrbanFoods,2.22,2.87,2.97,30,West,2024-02-28
755,Beverages,Coffee,DailyDelight,3.71,4.87,5.08,24,North,2024-08-30
756,Snacks,Chips,GoodBite,2.15,2.76,2.9,27,South,2024-02-01
757,Dairy,Yogurt,FreshCo,4.63,6.2,6.44,17,East,2024-06-30
758,Bakery,Cakes,NaturePure,6.22,8.1,8.35,16,West,2024-04-01
759,Frozen,Meals,UrbanFoods,5.15,6.71,6.55,22,North,2024-12-20
760,Produce,Fruits,DailyDelight,2.07,2.66,2.87,35,South,2024-09-01
761,Beverages,Soda,GoodBite,2.81,3.39,3.51,28,East,2024-05-28
762,Snacks,Bars,FreshCo,1.92,2.52,2.58,21,West,2024-02-03
763,Dairy,Milk,NaturePure,2.73,3.78,3.62,16,North,2024-10-22
764,Bakery,Muffins,UrbanFoods,3.26,4.31,4.5,18,South,2024-05-03
765,Frozen,Pizza,DailyDelight,4.34,5.53,5.78,24,East,2024-12-24
766,Produce,Vegetables,GoodBite,1.54,2.03,2.05,33,West,2024-09-26
767,Beverages,Juice,FreshCo,2.45,3.07,3.24,27,North,2024-06-28
768,Snacks,Nuts,NaturePure,2.88,3.74,3.61,21,South,2024-04-03
769,Dairy,Cheese,UrbanFoods,5.33,6.97,7.12,15,East,2024-12-08
770,Bakery,Pastry,DailyDelight,2.81,3.63,3.52,19,West,2024-02-28
771,Frozen,Veggies,GoodBite,1.82,2.36,2.27,32,North,2024-09-05
772,Produce,Herbs,FreshCo,1.15,1.57,1.69,24,South,2024-05-27
773,Beverages,Tea,NaturePure,3.2,4.09,4.26,18,East,2024-12-23
774,Snacks,Cookies,UrbanFoods,2.55,3.28,3.33,25,West,2024-07-29
775,Dairy,Butter,DailyDelight,4.2,5.57,5.87,14,North,2024-01-30
776,Bakery,Bread,GoodBite,1.87,2.34,2.36,29,South,2024-05-03
777,Frozen,Ice Cream,FreshCo,3.7,4.88,4.8,23,East,2024-10-30
778,Produce,Salads,NaturePure,2.21,2.87,2.97,30,West,2024-03-02
779,Beverages,Coffee,UrbanFoods,3.7,4.86,5.08,24,North,2024-09-01
780,Snacks,Chips,DailyDelight,2.14,2.76,2.91,27,South,2024-02-05
781,Dairy,Yogurt,GoodBite,4.64,6.19,6.44,17,East,2024-07-02
782,Bakery,Cakes,FreshCo,6.21,8.1,8.36,16,West,2024-04-03
783,Frozen,Meals,NaturePure,5.14,6.71,6.54,22,North,2024-12-22
784,Produce,Fruits,UrbanFoods,2.07,2.66,2.87,35,South,2024-09-03
785,Beverages,Soda,DailyDelight,2.8,3.38,3.5,28,East,2024-05-30
786,Snacks,Bars,GoodBite,1.92,2.51,2.58,21,West,2024-02-05
787,Dairy,Milk,FreshCo,2.73,3.78,3.62,16,North,2024-10-24
788,Bakery,Muffins,NaturePure,3.25,4.31,4.5,18,South,2024-05-05
789,Frozen,Pizza,UrbanFoods,4.33,5.52,5.78,24,East,2024-12-26
790,Produce,Vegetables,DailyDelight,1.55,2.03,2.05,33,West,2024-09-28
791,Beverages,Juice,GoodBite,2.46,3.07,3.25,27,North,2024-06-30
792,Snacks,Nuts,FreshCo,2.88,3.74,3.6,21,South,2024-04-05
793,Dairy,Cheese,NaturePure,5.32,6.95,7.12,15,East,2024-12-10
794,Bakery,Pastry,UrbanFoods,2.81,3.63,3.52,19,West,2024-03-02
795,Frozen,Veggies,DailyDelight,1.82,2.36,2.27,32,North,2024-09-08
796,Produce,Herbs,GoodBite,1.14,1.56,1.69,24,South,2024-05-29
797,Beverages,Tea,FreshCo,3.21,4.09,4.26,18,East,2024-12-25
798,Snacks,Cookies,NaturePure,2.55,3.28,3.33,25,West,2024-07-31
799,Dairy,Butter,UrbanFoods,4.2,5.57,5.87,14,North,2024-02-01
800,Bakery,Bread,DailyDelight,1.87,2.34,2.36,29,South,2024-05-05
801,Frozen,Ice Cream,GoodBite,3.7,4.88,4.81,23,East,2024-11-01
802,Produce,Salads,FreshCo,2.21,2.87,2.97,30,West,2024-03-04
803,Beverages,Coffee,NaturePure,3.7,4.86,5.08,24,North,2024-09-03
804,Snacks,Chips,UrbanFoods,2.14,2.76,2.91,27,South,2024-02-07
805,Dairy,Yogurt,DailyDelight,4.64,6.19,6.44,17,East,2024-07-04
806,Bakery,Cakes,GoodBite,6.21,8.1,8.36,16,West,2024-04-05
807,Frozen,Meals,FreshCo,5.14,6.71,6.54,22,North,2024-12-24
808,Produce,Fruits,NaturePure,2.07,2.66,2.87,35,South,2024-09-05
809,Beverages,Soda,UrbanFoods,2.81,3.39,3.51,28,East,2024-06-01
810,Snacks,Bars,DailyDelight,1.92,2.52,2.58,21,West,2024-02-07
811,Dairy,Milk,GoodBite,2.73,3.78,3.62,16,North,2024-10-26
812,Bakery,Muffins,FreshCo,3.25,4.31,4.5,18,South,2024-05-07
813,Frozen,Pizza,NaturePure,4.34,5.52,5.78,24,East,2024-12-28
814,Produce,Vegetables,UrbanFoods,1.54,2.03,2.05,33,West,2024-09-30
815,Beverages,Juice,DailyDelight,2.46,3.07,3.24,27,North,2024-07-02
816,Snacks,Nuts,GoodBite,2.88,3.74,3.61,21,South,2024-04-07
817,Dairy,Cheese,FreshCo,5.33,6.95,7.12,15,East,2024-12-12
818,Bakery,Pastry,NaturePure,2.81,3.63,3.52,19,West,2024-03-06
819,Frozen,Veggies,UrbanFoods,1.82,2.36,2.27,32,North,2024-09-10
820,Produce,Herbs,DailyDelight,1.15,1.57,1.69,24,South,2024-06-01
821,Beverages,Tea,GoodBite,3.2,4.08,4.26,18,East,2024-12-27
822,Snacks,Cookies,FreshCo,2.56,3.28,3.33,25,West,2024-08-02
823,Dairy,Butter,NaturePure,4.21,5.57,5.87,14,North,2024-02-03
824,Bakery,Bread,UrbanFoods,1.87,2.34,2.36,29,South,2024-05-09
825,Frozen,Ice Cream,DailyDelight,3.7,4.88,4.8,23,East,2024-11-03
826,Produce,Salads,GoodBite,2.21,2.87,2.97,30,West,2024-03-06
827,Beverages,Coffee,FreshCo,3.7,4.86,5.08,24,North,2024-09-05
828,Snacks,Chips,NaturePure,2.14,2.76,2.9,27,South,2024-02-09
829,Dairy,Yogurt,UrbanFoods,4.63,6.19,6.44,17,East,2024-07-06
830,Bakery,Cakes,DailyDelight,6.21,8.1,8.36,16,West,2024-04-07
831,Frozen,Meals,GoodBite,5.14,6.71,6.54,22,North,2024-12-26
832,Produce,Fruits,FreshCo,2.07,2.66,2.87,35,South,2024-09-07
833,Beverages,Soda,NaturePure,2.8,3.38,3.5,28,East,2024-06-03
834,Snacks,Bars,UrbanFoods,1.92,2.51,2.58,21,West,2024-02-09
835,Dairy,Milk,DailyDelight,2.73,3.78,3.62,16,North,2024-10-28
836,Bakery,Muffins,GoodBite,3.25,4.31,4.5,18,South,2024-05-09
837,Frozen,Pizza,FreshCo,4.34,5.52,5.78,24,East,2024-12-30
838,Produce,Vegetables,NaturePure,1.55,2.03,2.05,33,West,2024-10-02
839,Beverages,Juice,UrbanFoods,2.46,3.07,3.24,27,North,2024-07-04
840,Snacks,Nuts,DailyDelight,2.88,3.74,3.61,21,South,2024-04-09
841,Dairy,Cheese,GoodBite,5.32,6.95,7.12,15,East,2024-12-14
842,Bakery,Pastry,FreshCo,2.81,3.63,3.52,19,West,2024-03-08
843,Frozen,Veggies,NaturePure,1.82,2.36,2.27,32,North,2024-09-12
844,Produce,Herbs,UrbanFoods,1.14,1.56,1.69,24,South,2024-06-03
845,Beverages,Tea,DailyDelight,3.21,4.09,4.26,18,East,2024-12-29
846,Snacks,Cookies,GoodBite,2.55,3.28,3.33,25,West,2024-08-04
847,Dairy,Butter,FreshCo,4.2,5.57,5.87,14,North,2024-02-05
848,Bakery,Bread,NaturePure,1.87,2.34,2.36,29,South,2024-05-11
849,Frozen,Ice Cream,UrbanFoods,3.7,4.88,4.8,23,East,2024-11-05
850,Produce,Salads,DailyDelight,2.21,2.87,2.97,30,West,2024-03-08
851,Beverages,Coffee,GoodBite,3.7,4.86,5.08,24,North,2024-09-07
852,Snacks,Chips,FreshCo,2.14,2.76,2.91,27,South,2024-02-11
853,Dairy,Yogurt,NaturePure,4.64,6.19,6.44,17,East,2024-07-08
854,Bakery,Cakes,UrbanFoods,6.21,8.1,8.36,16,West,2024-04-09
855,Frozen,Meals,DailyDelight,5.14,6.71,6.54,22,North,2024-12-28
856,Produce,Fruits,GoodBite,2.07,2.66,2.87,35,South,2024-09-09
857,Beverages,Soda,FreshCo,2.81,3.39,3.51,28,East,2024-06-05
858,Snacks,Bars,NaturePure,1.92,2.52,2.58,21,West,2024-02-11
859,Dairy,Milk,UrbanFoods,2.73,3.78,3.62,16,North,2024-10-30
860,Bakery,Muffins,DailyDelight,3.25,4.31,4.5,18,South,2024-05-11
861,Frozen,Pizza,GoodBite,4.34,5.52,5.78,24,East,2024-12-31
862,Produce,Vegetables,FreshCo,1.54,2.03,2.05,33,West,2024-10-04
863,Beverages,Juice,NaturePure,2.46,3.07,3.25,27,North,2024-07-06
864,Snacks,Nuts,UrbanFoods,2.88,3.74,3.6,21,South,2024-04-11
865,Dairy,Cheese,DailyDelight,5.33,6.95,7.12,15,East,2024-12-16
866,Bakery,Pastry,GoodBite,2.81,3.63,3.52,19,West,2024-03-10
867,Frozen,Veggies,FreshCo,1.82,2.36,2.27,32,North,2024-09-14
868,Produce,Herbs,NaturePure,1.15,1.57,1.69,24,South,2024-06-05
869,Beverages,Tea,UrbanFoods,3.2,4.09,4.26,18,East,2024-12-31
870,Snacks,Cookies,DailyDelight,2.56,3.28,3.33,25,West,2024-08-06
871,Dairy,Butter,GoodBite,4.21,5.57,5.87,14,North,2024-02-07
872,Bakery,Bread,FreshCo,1.87,2.34,2.36,29,South,2024-05-13
873,Frozen,Ice Cream,NaturePure,3.71,4.88,4.8,23,East,2024-11-07
874,Produce,Salads,UrbanFoods,2.22,2.87,2.97,30,West,2024-03-10
875,Beverages,Coffee,DailyDelight,3.7,4.86,5.08,24,North,2024-09-09
876,Snacks,Chips,GoodBite,2.15,2.76,2.9,27,South,2024-02-13
877,Dairy,Yogurt,FreshCo,4.63,6.19,6.44,17,East,2024-07-10
878,Bakery,Cakes,NaturePure,6.21,8.1,8.36,16,West,2024-04-11
879,Frozen,Meals,UrbanFoods,5.14,6.71,6.54,22,North,2024-12-30
880,Produce,Fruits,DailyDelight,2.07,2.66,2.87,35,South,2024-09-11
881,Beverages,Soda,GoodBite,2.8,3.38,3.5,28,East,2024-06-07
882,Snacks,Bars,FreshCo,1.92,2.51,2.58,21,West,2024-02-13
883,Dairy,Milk,NaturePure,2.73,3.78,3.62,16,North,2024-11-01
884,Bakery,Muffins,UrbanFoods,3.25,4.31,4.5,18,South,2024-05-13
885,Frozen,Pizza,DailyDelight,4.34,5.52,5.78,24,East,2025-01-02
886,Produce,Vegetables,GoodBite,1.55,2.03,2.05,33,West,2024-10-06
887,Beverages,Juice,FreshCo,2.46,3.07,3.24,27,North,2024-07-08
888,Snacks,Nuts,NaturePure,2.88,3.74,3.61,21,South,2024-04-13
889,Dairy,Cheese,UrbanFoods,5.32,6.95,7.12,15,East,2024-12-18
890,Bakery,Pastry,DailyDelight,2.81,3.63,3.52,19,West,2024-03-12
891,Frozen,Veggies,GoodBite,1.82,2.36,2.27,32,North,2024-09-16
892,Produce,Herbs,FreshCo,1.14,1.56,1.69,24,South,2024-06-07
893,Beverages,Tea,NaturePure,3.21,4.09,4.26,18,East,2025-01-04
894,Snacks,Cookies,UrbanFoods,2.55,3.28,3.33,25,West,2024-08-08
895,Dairy,Butter,DailyDelight,4.2,5.57,5.87,14,North,2024-02-09
896,Bakery,Bread,GoodBite,1.87,2.34,2.36,29,South,2024-05-15
897,Frozen,Ice Cream,FreshCo,3.7,4.88,4.8,23,East,2024-11-09
898,Produce,Salads,NaturePure,2.21,2.87,2.97,30,West,2024-03-12
899,Beverages,Coffee,UrbanFoods,3.7,4.86,5.08,24,North,2024-09-11
900,Snacks,Chips,DailyDelight,2.14,2.76,2.91,27,South,2024-02-15
901,Dairy,Yogurt,GoodBite,4.64,6.19,6.44,17,East,2024-07-12
902,Bakery,Cakes,FreshCo,6.21,8.1,8.36,16,West,2024-04-13
903,Frozen,Meals,NaturePure,5.14,6.71,6.54,22,North,2024-12-31
904,Produce,Fruits,UrbanFoods,2.07,2.66,2.87,35,South,2024-09-13
905,Beverages,Soda,DailyDelight,2.8,3.38,3.5,28,East,2024-06-09
906,Snacks,Bars,GoodBite,1.92,2.51,2.58,21,West,2024-02-15
907,Dairy,Milk,FreshCo,2.73,3.78,3.62,16,North,2024-11-03
908,Bakery,Muffins,NaturePure,3.25,4.31,4.5,18,South,2024-05-15
909,Frozen,Pizza,UrbanFoods,4.34,5.52,5.78,24,East,2025-01-04
910,Produce,Vegetables,DailyDelight,1.55,2.03,2.05,33,West,2024-10-08
911,Beverages,Juice,GoodBite,2.46,3.07,3.25,27,North,2024-07-10
912,Snacks,Nuts,FreshCo,2.88,3.74,3.6,21,South,2024-04-15
913,Dairy,Cheese,NaturePure,5.33,6.95,7.12,15,East,2024-12-20
914,Bakery,Pastry,UrbanFoods,2.81,3.63,3.52,19,West,2024-03-14
915,Frozen,Veggies,DailyDelight,1.82,2.36,2.27,32,North,2024-09-18
916,Produce,Herbs,GoodBite,1.14,1.56,1.69,24,South,2024-06-09
917,Beverages,Tea,FreshCo,3.21,4.09,4.26,18,East,2025-01-06
918,Snacks,Cookies,NaturePure,2.55,3.28,3.33,25,West,2024-08-10
919,Dairy,Butter,UrbanFoods,4.2,5.57,5.87,14,North,2024-02-11
920,Bakery,Bread,DailyDelight,1.87,2.34,2.36,29,South,2024-05-17
921,Frozen,Ice Cream,GoodBite,3.7,4.88,4.8,23,East,2024-11-11
922,Produce,Salads,FreshCo,2.21,2.87,2.97,30,West,2024-03-14
923,Beverages,Coffee,NaturePure,3.7,4.86,5.08,24,North,2024-09-13
924,Snacks,Chips,UrbanFoods,2.14,2.76,2.91,27,South,2024-02-17
925,Dairy,Yogurt,DailyDelight,4.64,6.19,6.44,17,East,2024-07-14
926,Bakery,Cakes,GoodBite,6.21,8.1,8.36,16,West,2024-04-15
927,Frozen,Meals,FreshCo,5.14,6.71,6.54,22,North,2025-01-06
928,Produce,Fruits,NaturePure,2.07,2.66,2.87,35,South,2024-09-15
929,Beverages,Soda,UrbanFoods,2.81,3.39,3.51,28,East,2024-06-11
930,Snacks,Bars,DailyDelight,1.92,2.52,2.58,21,West,2024-02-17
931,Dairy,Milk,GoodBite,2.73,3.78,3.62,16,North,2024-11-05
932,Bakery,Muffins,FreshCo,3.25,4.31,4.5,18,South,2024-05-17
933,Frozen,Pizza,NaturePure,4.34,5.52,5.78,24,East,2025-01-06
934,Produce,Vegetables,UrbanFoods,1.54,2.03,2.05,33,West,2024-10-10
935,Beverages,Juice,DailyDelight,2.46,3.07,3.24,27,North,2024-07-12
936,Snacks,Nuts,GoodBite,2.88,3.74,3.61,21,South,2024-04-17
937,Dairy,Cheese,FreshCo,5.33,6.95,7.12,15,East,2024-12-22
938,Bakery,Pastry,NaturePure,2.81,3.63,3.52,19,West,2024-03-16
939,Frozen,Veggies,UrbanFoods,1.82,2.36,2.27,32,North,2024-09-20
940,Produce,Herbs,DailyDelight,1.15,1.57,1.69,24,South,2024-06-11
941,Beverages,Tea,GoodBite,3.2,4.08,4.26,18,East,2025-01-08
942,Snacks,Cookies,FreshCo,2.56,3.28,3.33,25,West,2024-08-12
943,Dairy,Butter,NaturePure,4.21,5.57,5.87,14,North,2024-02-13
944,Bakery,Bread,UrbanFoods,1.87,2.34,2.36,29,South,2024-05-19
945,Frozen,Ice Cream,DailyDelight,3.7,4.88,4.8,23,East,2024-11-13
946,Produce,Salads,GoodBite,2.21,2.87,2.97,30,West,2024-03-16
947,Beverages,Coffee,FreshCo,3.7,4.86,5.08,24,North,2024-09-15
948,Snacks,Chips,NaturePure,2.14,2.76,2.9,27,South,2024-02-19
949,Dairy,Yogurt,UrbanFoods,4.63,6.19,6.44,17,East,2024-07-16
950,Bakery,Cakes,DailyDelight,6.21,8.1,8.36,16,West,2024-04-17
951,Frozen,Meals,GoodBite,5.14,6.71,6.54,22,North,2025-01-08
952,Produce,Fruits,FreshCo,2.07,2.66,2.87,35,South,2024-09-17
953,Beverages,Soda,NaturePure,2.8,3.38,3.5,28,East,2024-06-13
954,Snacks,Bars,UrbanFoods,1.92,2.51,2.58,21,West,2024-02-19
955,Dairy,Milk,DailyDelight,2.73,3.78,3.62,16,North,2024-11-07
956,Bakery,Muffins,GoodBite,3.25,4.31,4.5,18,South,2024-05-19
957,Frozen,Pizza,FreshCo,4.34,5.52,5.78,24,East,2025-01-08
958,Produce,Vegetables,NaturePure,1.55,2.03,2.05,33,West,2024-10-12
959,Beverages,Juice,UrbanFoods,2.46,3.07,3.24,27,North,2024-07-14
960,Snacks,Nuts,DailyDelight,2.88,3.74,3.6,21,South,2024-04-19
961,Dairy,Cheese,GoodBite,5.32,6.95,7.12,15,East,2024-12-24
962,Bakery,Pastry,FreshCo,2.81,3.63,3.52,19,West,2024-03-18
963,Frozen,Veggies,NaturePure,1.82,2.36,2.27,32,North,2024-09-22
964,Produce,Herbs,UrbanFoods,1.14,1.56,1.69,24,South,2024-06-13
965,Beverages,Tea,DailyDelight,3.21,4.09,4.26,18,East,2025-01-10
966,Snacks,Cookies,GoodBite,2.55,3.28,3.33,25,West,2024-08-14
967,Dairy,Butter,FreshCo,4.2,5.57,5.87,14,North,2024-02-15
968,Bakery,Bread,NaturePure,1.87,2.34,2.36,29,South,2024-05-21
969,Frozen,Ice Cream,UrbanFoods,3.7,4.88,4.8,23,East,2024-11-15
970,Produce,Salads,DailyDelight,2.21,2.87,2.97,30,West,2024-03-18
971,Beverages,Coffee,GoodBite,3.7,4.86,5.08,24,North,2024-09-17
972,Snacks,Chips,FreshCo,2.14,2.76,2.91,27,South,2024-02-21
973,Dairy,Yogurt,NaturePure,4.64,6.19,6.44,17,East,2024-07-18
974,Bakery,Cakes,UrbanFoods,6.21,8.1,8.36,16,West,2024-04-19
975,Frozen,Meals,DailyDelight,5.14,6.71,6.54,22,North,2025-01-10
976,Produce,Fruits,GoodBite,2.07,2.66,2.87,35,South,2024-09-19
977,Beverages,Soda,FreshCo,2.81,3.39,3.51,28,East,2024-06-15
978,Snacks,Bars,NaturePure,1.92,2.52,2.58,21,West,2024-02-21
979,Dairy,Milk,UrbanFoods,2.73,3.78,3.62,16,North,2024-11-09
980,Bakery,Muffins,DailyDelight,3.25,4.31,4.5,18,South,2024-05-21
981,Frozen,Pizza,GoodBite,4.34,5.52,5.78,24,East,2025-01-10
982,Produce,Vegetables,FreshCo,1.54,2.03,2.05,33,West,2024-10-14
983,Beverages,Juice,NaturePure,2.46,3.07,3.25,27,North,2024-07-16
984,Snacks,Nuts,UrbanFoods,2.88,3.74,3.6,21,South,2024-04-21
985,Dairy,Cheese,DailyDelight,5.33,6.95,7.12,15,East,2024-12-26
986,Bakery,Pastry,GoodBite,2.81,3.63,3.52,19,West,2024-03-20
987,Frozen,Veggies,FreshCo,1.82,2.36,2.27,32,North,2024-09-24
988,Produce,Herbs,NaturePure,1.15,1.57,1.69,24,South,2024-06-15
989,Beverages,Tea,UrbanFoods,3.2,4.08,4.26,18,East,2025-01-12
990,Snacks,Cookies,DailyDelight,2.56,3.28,3.33,25,West,2024-08-16
991,Dairy,Butter,GoodBite,4.21,5.57,5.87,14,North,2024-02-17
992,Bakery,Bread,FreshCo,1.87,2.34,2.36,29,South,2024-05-23
993,Frozen,Ice Cream,NaturePure,3.71,4.88,4.8,23,East,2024-11-17
994,Produce,Salads,UrbanFoods,2.22,2.87,2.97,30,West,2024-03-20
995,Beverages,Coffee,DailyDelight,3.7,4.86,5.08,24,North,2024-09-19
996,Snacks,Chips,GoodBite,2.15,2.76,2.9,27,South,2024-02-23
997,Dairy,Yogurt,FreshCo,4.63,6.19,6.44,17,East,2024-07-20
998,Bakery,Cakes,NaturePure,6.21,8.1,8.36,16,West,2024-04-21
999,Frozen,Meals,UrbanFoods,5.14,6.71,6.54,22,North,2025-01-12
1000,Produce,Fruits,DailyDelight,2.07,2.66,2.87,35,South,2024-09-21